



-- ============================
-- INSERT DATA FOR CAFE DATABASE
-- ============================

-- 1. Restaurants
INSERT INTO restaurants (id, name, address) VALUES
(1, 'Уголок вкуса', 'г. Москва, ул. Ленина, 10'),
(2, 'Кофейня 24/7', 'г. Москва, ул. Пушкина, 5'),
(3, 'Домашняя кухня', 'г. СПб, Невский проспект, 25'),
(4, 'Восточный дворик', 'г. Казань, ул. Баумана, 50'),
(5, 'Гурман', 'г. Екатеринбург, ул. Мира, 88'),
(6, 'Бистро №1', 'г. Новосибирск, Красный проспект, 12'),
(7, 'Сицилия', 'г. Краснодар, ул. Северная, 15'),
(8, 'ФудКорт', 'г. Самара, Московское шоссе, 101'),
(9, 'Суши Тайм', 'г. Владивосток, ул. Морская, 77'),
(10, 'ШашлыкоFF', 'г. Омск, ул. Лермонтова, 8'),
(11, 'Пельменная', 'г. Тюмень, ул. Советская, 14'),
(12, 'Итальянский дворик', 'г. Москва, ул. Горького, 2'),
(13, 'ФастФудик', 'г. СПб, Лиговский пр., 99'),
(14, 'Паназиат', 'г. Казань, ул. Кремлевская, 35'),
(15, 'Завтрак каждый день', 'г. Екатеринбург, ул. Луначарского, 61'),
(16, 'Пицца-Микс', 'г. Челябинск, ул. Кирова, 41'),
(17, 'Теремок', 'г. Москва, проспект Мира, 200'),
(18, 'Грузинский дом', 'г. СПб, ул. Садовая, 11'),
(19, 'Veggie Cafe', 'г. Москва, ул. Тверская, 55'),
(20, 'Кофейня на углу', 'г. Самара, ул. Ленинградская, 23');

-- 2. Restaurant Schedule
INSERT INTO restaurant_schedule (restaurant_id, day_of_week, open_time, close_time, is_closed) VALUES
(1,1,'09:00','22:00',0),(1,2,'09:00','22:00',0),(1,3,'09:00','22:00',0),(1,4,'09:00','22:00',0),(1,5,'09:00','23:00',0),(1,6,'10:00','23:00',0),(1,7,NULL,NULL,1),
(2,1,'00:00','23:59',0),(2,2,'00:00','23:59',0),(2,3,'00:00','23:59',0),(2,4,'00:00','23:59',0),(2,5,'00:00','23:59',0),(2,6,'00:00','23:59',0),(2,7,'00:00','23:59',0),
(3,1,'10:00','20:00',0),(3,2,'10:00','20:00',0),(3,3,'10:00','20:00',0),(3,4,'10:00','20:00',0),(3,5,'10:00','22:00',0),(3,6,'11:00','22:00',0),(3,7,NULL,NULL,1);

-- 3. Menu Items
INSERT INTO menu_items (id, restaurant_id, name, price, available) VALUES
(1,1,'Борщ',250,1),(2,1,'Оливье',200,1),(3,1,'Чай с лимоном',80,1),(4,1,'Котлета по-киевски',350,1),(5,2,'Капучино',150,1),
(6,2,'Эспрессо',120,1),(7,2,'Пирожное картошка',90,1),(8,2,'Чизкейк',220,1),(9,3,'Пельмени домашние',300,1),(10,3,'Компот из сухофруктов',100,1),
(11,3,'Окрошка',220,1),(12,3,'Курица с картошкой',400,1),(13,4,'Плов',350,1),(14,4,'Шашлык',500,1),(15,4,'Самса',150,1),
(16,5,'Стейк рибай',1200,1),(17,5,'Салат Цезарь',450,1),(18,5,'Кола',120,1),(19,6,'Хот-дог',180,1),(20,6,'Картошка фри',150,1);

-- 4. Customers
INSERT INTO customers (id, name, email) VALUES
(1,'Иван Иванов','ivan@mail.ru'),(2,'Петр Петров','petr@mail.ru'),(3,'Анна Смирнова','anna@mail.ru'),(4,'Сергей Кузнецов','sergey@mail.ru'),(5,'Мария Соколова','maria@mail.ru'),
(6,'Алексей Морозов','alexey@mail.ru'),(7,'Ольга Федорова','olga@mail.ru'),(8,'Дмитрий Павлов','dmitry@mail.ru'),(9,'Елена Попова','elena@mail.ru'),(10,'Михаил Васильев','mikhail@mail.ru'),
(11,'Светлана Новикова','svetlana@mail.ru'),(12,'Андрей Волков','andrey@mail.ru'),(13,'Наталья Зайцева','natalia@mail.ru'),(14,'Виктор Мельников','victor@mail.ru'),(15,'Юлия Козлова','julia@mail.ru'),
(16,'Григорий Ковалев','greg@mail.ru'),(17,'Владимир Орлов','vova@mail.ru'),(18,'Ирина Тихонова','irina@mail.ru'),(19,'Руслан Алексеев','ruslan@mail.ru'),(20,'Оксана Григорьева','oksana@mail.ru');

-- 5. Orders
INSERT INTO orders (id, customer_id, restaurant_id, status, order_date) VALUES
(1,1,1,'Принят','2025-09-20 12:10:00'),(2,2,1,'Готов','2025-09-20 13:05:00'),(3,3,2,'Доставлен','2025-09-19 14:30:00'),
(4,4,2,'Принят','2025-09-21 15:00:00'),(5,5,3,'Готов','2025-09-21 16:20:00'),(6,6,3,'Принят','2025-09-22 11:00:00'),
(7,7,4,'Принят','2025-09-22 12:40:00'),(8,8,4,'Доставлен','2025-09-23 18:10:00'),(9,9,5,'Принят','2025-09-23 19:30:00'),
(10,10,5,'Принят','2025-09-23 20:45:00'),(11,11,6,'Готов','2025-09-24 09:30:00'),(12,12,6,'Принят','2025-09-24 12:00:00'),
(13,13,7,'Принят','2025-09-24 13:15:00'),(14,14,7,'Доставлен','2025-09-24 14:45:00'),(15,15,8,'Принят','2025-09-24 16:00:00'),
(16,16,8,'Принят','2025-09-24 17:10:00'),(17,17,9,'Готов','2025-09-25 11:20:00'),(18,18,9,'Принят','2025-09-25 12:45:00'),
(19,19,10,'Принят','2025-09-25 13:30:00'),(20,20,10,'Принят','2025-09-25 14:10:00');

-- 6. Order Items
INSERT INTO order_items (id, order_id, menu_item_id, quantity, price) VALUES
(1,1,1,2,500),(2,1,2,1,200),(3,2,3,2,160),(4,2,4,1,350),(5,3,5,1,150),
(6,3,6,1,120),(7,4,7,2,180),(8,5,8,1,220),(9,5,9,1,300),(10,6,10,2,200),
(11,6,11,1,220),(12,7,12,1,400),(13,8,13,2,700),(14,8,14,1,500),(15,9,15,3,450),
(16,10,16,1,1200),(17,11,17,2,900),(18,12,18,2,240),(19,13,19,2,360),(20,14,20,3,450);

-- 7. Employees
INSERT INTO employees (id, restaurant_id, name, role, salary) VALUES
(1,1,'Алексей Орлов','Официант',35000),(2,1,'Мария Иванова','Повар',45000),(3,1,'Сергей Петров','Менеджер',60000),
(4,2,'Ольга Кузнецова','Официант',30000),(5,2,'Иван Смирнов','Бариста',40000),(6,2,'Анна Белова','Менеджер',55000),
(7,3,'Дмитрий Сидоров','Официант',32000),(8,3,'Елена Фролова','Повар',48000),(9,3,'Петр Егоров','Менеджер',58000),
(10,4,'Виктор Александров','Официант',34000),(11,4,'Ирина Жукова','Повар',47000),(12,4,'Михаил Соловьев','Менеджер',59000),
(13,5,'Юлия Орлова','Официант',33000),(14,5,'Николай Павлов','Повар',49000),(15,5,'Светлана Сергеева','Менеджер',61000),
(16,6,'Андрей Захаров','Официант',31000),(17,6,'Евгения Морозова','Повар',46000),(18,6,'Роман Никитин','Менеджер',57000),
(19,7,'Кристина Ковалева','Официант',30000),(20,7,'Владислав Титов','Повар',50000);

-- ============================
-- END OF DATA
-- ============================


-- 1) Categories (20 записей)
INSERT INTO categories (id, name) VALUES
(1,  'Супы'),
(2,  'Салаты'),
(3,  'Горячее'),
(4,  'Десерты'),
(5,  'Напитки'),
(6,  'Пицца'),
(7,  'Суши'),
(8,  'Бургеры'),
(9,  'Веганское'),
(10, 'Завтраки'),
(11, 'Стейки'),
(12, 'Морепродукты'),
(13, 'Паста'),
(14, 'Мексиканское'),
(15, 'Индийское'),
(16, 'Фастфуд'),
(17, 'Закуски'),
(18, 'Выпечка'),
(19, 'Чай/Кофе'),
(20, 'Алкоголь');

-- 2) Staff (20 записей)
-- Использую поля: id, restaurant_id, full_name, position, hire_date, salary, is_active
INSERT INTO staff (id, restaurant_id, full_name, position, hire_date, salary, is_active) VALUES
(1,  1,  'Алексей Орлов',     'Официант',      '2022-11-01', 35000.00, 1),
(2,  2,  'Мария Иванова',     'Бариста',       '2023-01-15', 34000.00, 1),
(3,  3,  'Сергей Петров',     'Повар',         '2021-08-10', 52000.00, 1),
(4,  4,  'Ольга Кузнецова',   'Администратор', '2020-06-20', 48000.00, 1),
(5,  5,  'Дмитрий Сидоров',   'Повар',         '2022-03-05', 56000.00, 1),
(6,  6,  'Елена Фролова',     'Официант',      '2023-05-12', 33000.00, 1),
(7,  7,  'Пётр Егоров',       'Менеджер',      '2019-10-01', 70000.00, 1),
(8,  8,  'Ирина Жукова',      'Повар',         '2022-09-07', 54000.00, 1),
(9,  9,  'Андрей Волков',     'Официант',      '2023-02-25', 32000.00, 1),
(10, 10,  'Наталья Сергеева',  'Бармен',        '2021-12-15', 38000.00, 1),
(11, 11,  'Кирилл Смирнов',    'Повар',         '2020-04-18', 60000.00, 1),
(12, 12,  'Оксана Григорьева', 'Официант',      '2023-07-01', 31000.00, 1),
(13, 13,  'Виктор Мельников',  'Курьер',        '2022-05-20', 30000.00, 1),
(14, 14,  'Юлия Козлова',      'Шеф-повар',     '2018-11-11', 90000.00, 1),
(15, 15,  'Роман Никитин',     'Официант',      '2021-03-30', 34000.00, 1),
(16, 16,  'Светлана Новикова', 'Повар',         '2019-07-22', 58000.00, 1),
(17, 17,  'Александр Морозов', 'Хостес',        '2020-02-14', 33000.00, 1),
(18, 18,  'Ирина Тихонова',    'Сомелье',       '2021-09-09', 65000.00, 1),
(19, 19,  'Михаил Васильев',   'Повар',         '2022-12-01', 55000.00, 1),
(20, 20,  'Кристина Ковалева', 'Менеджер',      '2019-01-05', 72000.00, 1);

-- 3) Menu item -> category mappings (menu_item_categories)
-- Использую пары: menu_item_id, category_id (по 20 записей, соответствуют menu_items id 1..20)
INSERT INTO menu_item_categories (menu_item_id, category_id) VALUES
(1,  1),  -- Борщ -> Супы
(2,  2),  -- Оливье -> Салаты
(3,  19), -- Чай -> Чай/Кофе
(4,  3),  -- Котлета -> Горячее
(5,  19), -- Капучино -> Чай/Кофе
(6,  19), -- Эспрессо -> Чай/Кофе
(7,  18), -- Пирожное -> Выпечка
(8,  18), -- Чизкейк -> Выпечка
(9,  3),  -- Пельмени -> Горячее
(10, 5),  -- Компот -> Напитки
(11, 1),  -- Окрошка -> Супы
(12, 3),  -- Курица с картошкой -> Горячее
(13, 3),  -- Плов -> Горячее
(14, 11), -- Шашлык -> Стейки
(15, 17), -- Самса -> Закуски
(16, 11), -- Стейк рибай -> Стейки
(17, 2),  -- Салат Цезарь -> Салаты
(18, 5),  -- Кола -> Напитки
(19, 16), -- Хот-дог -> Фастфуд
(20, 17); -- Картошка фри -> Закуски

-- (Опционально) если хочешь добавить дополнительные связи (пример — дублирующие категории),
-- можно выполнить ещё INSERT'ы, например:
-- INSERT INTO menu_item_categories (menu_item_id, category_id) VALUES (9,17),(16,17);